index,topic,word
0,Coding_Latex,usepackage
1,Coding_Latex,document
2,Coding_Latex,amsbsy
3,Coding_Latex,mathrsfs
4,Coding_Latex,amsmath
5,Genetics,protein
6,Genetics,gene
7,Genetics,expression
8,Genetics,genes
9,Genetics,dna
10,Genetics,mutation
11,Genetics,transcription
12,Alzheimers_Dementia_Parkinson,alzheimer
13,Alzheimers_Dementia_Parkinson,amyloid
14,Alzheimers_Dementia_Parkinson,demntia
15,Alzheimers_Dementia_Parkinson,cognitive
16,Alzheimers_Dementia_Parkinson,aging
17,Alzheimers_Dementia_Parkinson,parkinson
18,Dependency,dependency
19,Dependency,dopamine
20,Dependency,cocaine
21,Dependency,drug
22,Dependency,glutamate
23,Dependency,reward
24,Memory,memory
25,Memory,cognitive
26,Memory,learning
27,Memory,hippocampal
28,Memory,hippocampus
29,Memory,retrieval
30,ImmuneSystem_Cancer,cell
31,ImmuneSystem_Cancer,cells
32,ImmuneSystem_Cancer,anti
33,ImmuneSystem_Cancer,growth
34,ImmuneSystem_Cancer,pituitary
35,ImmuneSystem_Cancer,proliferation
36,ImmuneSystem_Cancer,antibody
37,ImmuneSystem_Cancer,tumor
38,ImmuneSystem_Cancer,cancer
39,ImmuneSystem_Cancer,immune
40,Pain_MotorFunction,pain
41,Pain_MotorFunction,spinal
42,Pain_MotorFunction,injury
43,Pain_MotorFunction,nerve
44,Pain_MotorFunction,motor
45,Pain_MotorFunction,sclerosis
46,Attention,visual
47,Attention,stimulus
48,Attention,task
49,Attention,trials
50,Attention,stimuli
51,Attention,attention
52,Brain_Mapping,cortex
53,Brain_Mapping,connectivity
54,Brain_Mapping,region
55,Brain_Mapping,network
56,Brain_Mapping,matter
57,Brain_Mapping,gyrus
58,Brain_Mapping,fmri
59,Stroke_Aneurysm_Damage,stroke
60,Stroke_Aneurysm_Damage,blood
61,Stroke_Aneurysm_Damage,ischemic
62,Stroke_Aneurysm_Damage,hemorrhage
63,Stroke_Aneurysm_Damage,aneurysm
64,Stroke_Aneurysm_Damage,ischemia
65,Psychiatric_Disorder,depression
66,Psychiatric_Disorder,schizophrenia
67,Psychiatric_Disorder,disorder
68,Psychiatric_Disorder,psychiatry
69,Psychiatric_Disorder,bipolar
70,Psychiatric_Disorder,antidepressant
71,Developmental_Disorders,children
72,Developmental_Disorders,social
73,Developmental_Disorders,autism
74,Developmental_Disorders,adhd
75,Developmental_Disorders,anxiety
76,Developmental_Disorders,developmental
77,Neurons,neurons
78,Neurons,neuron
79,Neurons,synaptic
80,Neurons,firing
81,Neurons,synapses
82,Neurons,excitatory
83,Neurons, inhibitory
84,Sleep,sleep
85,Sleep,rem
86,Sleep,insomnia
87,Sleep,eeg
88,Sleep,circadian
89,Sleep,wake
90,Sleep,night
91,Sleep,apnea
92,Sleep,melatonin
93,Animal_Experiments,mice
94,Animal_Experiments,mouse
95,Animal_Experiments,animals
96,Animal_Experiments,transgenic
97,Animal_Experiments,wild
98,Animal_Experiments,mutant
